[
    {
        "name": "Our Lady of Mount Carmel Catholic Elementary School",
        "styleUrl": "#icon-503-DB4436-nodesc",
        "ExtendedData": "\n\t\t\t\t",
        "Point": {
            "coordinates": "-79.107553,43.080516,0.0"
        }
    },
    {
        "name": "Stamford Collegiate",
        "styleUrl": "#icon-503-DB4436-nodesc",
        "ExtendedData": "\n\t\t\t\t",
        "Point": {
            "coordinates": "-79.09871799999996,43.091527,0.0"
        }
    },
    {
        "name": "Heximer Avenue Public School",
        "styleUrl": "#icon-503-DB4436-nodesc",
        "ExtendedData": "\n\t\t\t\t",
        "Point": {
            "coordinates": "-79.10052000000002,43.077558,0.0"
        }
    },
    {
        "name": "Pathways Academy and Early Learning Centre",
        "styleUrl": "#icon-503-DB4436-nodesc",
        "ExtendedData": "\n\t\t\t\t",
        "Point": {
            "coordinates": "-79.11087900000001,43.087922,0.0"
        }
    },
    {
        "name": "Stamford Collegiate",
        "styleUrl": "#icon-503-DB4436-nodesc",
        "ExtendedData": "\n\t\t\t\t",
        "Point": {
            "coordinates": "-79.09871799999996,43.091527,0.0"
        }
    },
    {
        "name": "Valley Way Public School",
        "styleUrl": "#icon-503-DB4436-nodesc",
        "ExtendedData": "\n\t\t\t\t",
        "Point": {
            "coordinates": "-79.08234600000003,43.101825,0.0"
        }
    },
    {
        "name": "Saint Paul Catholic High School",
        "styleUrl": "#icon-503-DB4436-nodesc",
        "ExtendedData": "\n\t\t\t\t",
        "Point": {
            "coordinates": "-79.10997600000002,43.11737,0.0"
        }
    },
    {
        "name": "Saint Michael Catholic High School",
        "styleUrl": "#icon-503-DB4436-nodesc",
        "ExtendedData": "\n\t\t\t\t",
        "Point": {
            "coordinates": "-79.13793240000001,43.06991110000001,0.0"
        }
    },
    {
        "name": "Forestview Public School",
        "styleUrl": "#icon-503-DB4436-nodesc",
        "ExtendedData": "\n\t\t\t\t",
        "Point": {
            "coordinates": "-79.13707260000001,43.0830079,0.0"
        }
    },
    {
        "name": "Westlane Secondary School",
        "styleUrl": "#icon-503-DB4436-nodesc",
        "ExtendedData": "\n\t\t\t\t",
        "Point": {
            "coordinates": "-79.13082500000002,43.087461,0.0"
        }
    },
    {
        "name": "Meridian Credit Union",
        "styleUrl": "#icon-503-DB4436-nodesc",
        "ExtendedData": "\n\t\t\t\t",
        "Point": {
            "coordinates": "-79.09644100000003,43.07930299999999,0.0"
        }
    },
    {
        "name": "Transit Stop",
        "styleUrl": "#icon-503-DB4436-nodesc",
        "ExtendedData": "\n\t\t\t\t",
        "Point": {
            "coordinates": "-79.0905386,43.0853841,0.0"
        }
    },
    {
        "name": "Brock University",
        "styleUrl": "#icon-503-DB4436-nodesc",
        "ExtendedData": "\n\t\t\t\t",
        "Point": {
            "coordinates": "-79.24769249999997,43.1175731,0.0"
        }
    },
    {
        "name": "VIA/GO Train Station",
        "styleUrl": "#icon-503-DB4436-nodesc",
        "ExtendedData": "\n\t\t\t\t",
        "Point": {
            "coordinates": "-79.06313,43.10874,0.0"
        }
    },
    {
        "name": "TD Canada Trust",
        "styleUrl": "#icon-503-DB4436-nodesc",
        "ExtendedData": "\n\t\t\t\t",
        "Point": {
            "coordinates": "-79.06680030000001,43.1067449,0.0"
        }
    },
    {
        "name": "CIBC ",
        "styleUrl": "#icon-503-DB4436-nodesc",
        "ExtendedData": "\n\t\t\t\t",
        "Point": {
            "coordinates": "-79.0970476,43.0715659,0.0"
        }
    },
    {
        "name": "Bank of Nova Scotia",
        "styleUrl": "#icon-503-DB4436-nodesc",
        "ExtendedData": "\n\t\t\t\t",
        "Point": {
            "coordinates": "-79.07298459999998,43.1048009,0.0"
        }
    },
    {
        "name": "PenFinancial Credit Union",
        "styleUrl": "#icon-503-DB4436-nodesc",
        "ExtendedData": "\n\t\t\t\t",
        "Point": {
            "coordinates": "-79.10101680000002,43.1209987,0.0"
        }
    },
    {
        "name": "Meridian Credit Union",
        "styleUrl": "#icon-503-DB4436-nodesc",
        "ExtendedData": "\n\t\t\t\t",
        "Point": {
            "coordinates": "-79.092896,43.1046304,0.0"
        }
    },
    {
        "name": "Bank of Montreal",
        "styleUrl": "#icon-503-DB4436-nodesc",
        "ExtendedData": "\n\t\t\t\t",
        "Point": {
            "coordinates": "-79.10919030000002,43.1038546,0.0"
        }
    },
    {
        "name": "RBC Royal Bank",
        "styleUrl": "#icon-503-DB4436-nodesc",
        "ExtendedData": "\n\t\t\t\t",
        "Point": {
            "coordinates": "-79.10355800000002,43.08934999999999,0.0"
        }
    }
]