[
    {
        "name": "Grand Niagara Golf Club",
        "styleUrl": "#icon-503-DB4436-nodesc",
        "ExtendedData": "\n\t\t\t\t",
        "Point": {
            "coordinates": "-79.13015730000001,43.0423482,0.0"
        }
    },
    {
        "name": "Thundering Waters Golf Club",
        "styleUrl": "#icon-503-DB4436-nodesc",
        "ExtendedData": "\n\t\t\t\t",
        "Point": {
            "coordinates": "-79.09231490000002,43.06622,0.0"
        }
    },
    {
        "name": "Niagara Falls Golf Club",
        "styleUrl": "#icon-503-DB4436-nodesc",
        "ExtendedData": "\n\t\t\t\t",
        "Point": {
            "coordinates": "-79.14930049999998,43.08326420000001,0.0"
        }
    },
    {
        "name": "Whirlpool Golf Course",
        "styleUrl": "#icon-503-DB4436-nodesc",
        "ExtendedData": "\n\t\t\t\t",
        "Point": {
            "coordinates": "-79.06987800000002,43.124911,0.0"
        }
    },
    {
        "name": "Beechwood Golf & Country Club",
        "styleUrl": "#icon-503-DB4436-nodesc",
        "ExtendedData": "\n\t\t\t\t",
        "Point": {
            "coordinates": "-79.16825690000002,43.1047693,0.0"
        }
    },
    {
        "name": "Royal Niagara Golf Club",
        "styleUrl": "#icon-503-DB4436-nodesc",
        "ExtendedData": "\n\t\t\t\t",
        "Point": {
            "coordinates": "-79.17025339999998,43.1493494,0.0"
        }
    },
    {
        "name": "Queenston Heights Park",
        "styleUrl": "#icon-503-DB4436-nodesc",
        "ExtendedData": "\n\t\t\t\t",
        "Point": {
            "coordinates": "-79.05541060000002,43.1593055,0.0"
        }
    },
    {
        "name": "Peller Estates Winery",
        "styleUrl": "#icon-503-DB4436-nodesc",
        "ExtendedData": "\n\t\t\t\t",
        "Point": {
            "coordinates": "-79.067024,43.23862,0.0"
        }
    },
    {
        "name": "Niagara on the Lake ",
        "styleUrl": "#icon-503-DB4436-nodesc",
        "ExtendedData": "\n\t\t\t\t",
        "Point": {
            "coordinates": "-79.0907478,43.2617062,0.0"
        }
    },
    {
        "name": "Short Hills Provincial Park",
        "styleUrl": "#icon-503-DB4436-nodesc",
        "ExtendedData": "\n\t\t\t\t",
        "Point": {
            "coordinates": "-79.28175899999997,43.0981591,0.0"
        }
    },
    {
        "name": "The Links of Niagara at Willodell",
        "styleUrl": "#icon-503-DB4436-nodesc",
        "ExtendedData": "\n\t\t\t\t",
        "Point": {
            "coordinates": "-79.11180760000002,43.02138170000001,0.0"
        }
    },
    {
        "name": "Trius Winery at Hillebrand",
        "styleUrl": "#icon-503-DB4436-nodesc",
        "ExtendedData": "\n\t\t\t\t",
        "Point": {
            "coordinates": "-79.1328638,43.2123668,0.0"
        }
    },
    {
        "name": "Ravine Vineyard Estate Winery",
        "styleUrl": "#icon-503-DB4436-nodesc",
        "ExtendedData": "\n\t\t\t\t",
        "Point": {
            "coordinates": "-79.10403289999999,43.1606707,0.0"
        }
    },
    {
        "name": "Reif Estate Winery",
        "styleUrl": "#icon-503-DB4436-nodesc",
        "ExtendedData": "\n\t\t\t\t",
        "Point": {
            "coordinates": "-79.06015389999999,43.2171663,0.0"
        }
    },
    {
        "name": "Palatine Hills Estate Winery",
        "styleUrl": "#icon-503-DB4436-nodesc",
        "ExtendedData": "\n\t\t\t\t",
        "Point": {
            "coordinates": "-79.15069299999999,43.2441872,0.0"
        }
    },
    {
        "name": "Konzelmann Estate Winery",
        "styleUrl": "#icon-503-DB4436-nodesc",
        "ExtendedData": "\n\t\t\t\t",
        "Point": {
            "coordinates": "-79.14142529999998,43.2502128,0.0"
        }
    },
    {
        "name": "Sunnybrook Farm Estate Winery",
        "styleUrl": "#icon-503-DB4436-nodesc",
        "ExtendedData": "\n\t\t\t\t",
        "Point": {
            "coordinates": "-79.12036269999999,43.2526039,0.0"
        }
    },
    {
        "name": "Creekside Estate Winery",
        "styleUrl": "#icon-503-DB4436-nodesc",
        "ExtendedData": "\n\t\t\t\t",
        "Point": {
            "coordinates": "-79.33295099999998,43.152749,0.0"
        }
    },
    {
        "name": "13th Street Winery",
        "styleUrl": "#icon-503-DB4436-nodesc",
        "ExtendedData": "\n\t\t\t\t",
        "Point": {
            "coordinates": "-79.31292819999999,43.15372029999999,0.0"
        }
    },
    {
        "name": "Outlet Collection at Niagara",
        "styleUrl": "#icon-503-DB4436-nodesc",
        "ExtendedData": "\n\t\t\t\t",
        "Point": {
            "coordinates": "-79.1723728,43.1578602,0.0"
        }
    },
    {
        "name": "Oxford Mills",
        "styleUrl": "#icon-503-DB4436-nodesc",
        "ExtendedData": "\n\t\t\t\t",
        "Point": {
            "coordinates": "-79.1141414,43.1035723,0.0"
        }
    },
    {
        "name": "Canada One Factory Outlets",
        "styleUrl": "#icon-503-DB4436-nodesc",
        "ExtendedData": "\n\t\t\t\t",
        "Point": {
            "coordinates": "-79.1204502,43.0876455,0.0"
        }
    },
    {
        "name": "Niagara Square",
        "styleUrl": "#icon-503-DB4436-nodesc",
        "ExtendedData": "\n\t\t\t\t",
        "Point": {
            "coordinates": "-79.12592310000002,43.0659416,0.0"
        }
    }
]