{
    "kml": {
        "Document": {
            "name": "Fallsview Towns",
            "description": {
                "__cdata": ""
            },
            "Folder": [
                {
                    "name": "site",
                    "Placemark": {
                        "name": "Fallsview Towns",
                        "styleUrl": "#icon-503-DB4436-nodesc",
                        "ExtendedData": "\n\t\t\t\t",
                        "Point": {
                            "coordinates": "-79.0902007,43.0856544,0.0"
                        }
                    }
                },
                {
                    "name": "The Falls",
                    "Placemark": [
                        {
                            "name": "American Falls",
                            "styleUrl": "#icon-503-DB4436-nodesc",
                            "ExtendedData": "\n\t\t\t\t",
                            "Point": {
                                "coordinates": "-79.0705776,43.0852822,0.0"
                            }
                        },
                        {
                            "name": "Bridal Veil Falls",
                            "styleUrl": "#icon-503-DB4436-nodesc",
                            "ExtendedData": "\n\t\t\t\t",
                            "Point": {
                                "coordinates": "-79.0713072,43.0842949,0.0"
                            }
                        },
                        {
                            "name": "Horseshoe Falls",
                            "styleUrl": "#icon-503-DB4436-nodesc",
                            "ExtendedData": "\n\t\t\t\t",
                            "Point": {
                                "coordinates": "-79.0740967,43.0833389,0.0"
                            }
                        }
                    ]
                },
                {
                    "name": "Casino Niagara & Fallsview Casino ",
                    "Placemark": [
                        {
                            "name": "Casino Niagara",
                            "styleUrl": "#icon-503-DB4436-nodesc",
                            "ExtendedData": "\n\t\t\t\t",
                            "Point": {
                                "coordinates": "-79.07211110000003,43.09153000000001,0.0"
                            }
                        },
                        {
                            "name": "Fallsview Casino Resort",
                            "styleUrl": "#icon-503-DB4436-nodesc",
                            "ExtendedData": "\n\t\t\t\t",
                            "Point": {
                                "coordinates": "-79.08101909999999,43.0823258,0.0"
                            }
                        }
                    ]
                },
                {
                    "name": "The Outlet Malls",
                    "Placemark": [
                        {
                            "name": "Canada One Factory Outlets",
                            "styleUrl": "#icon-503-DB4436-nodesc",
                            "ExtendedData": "\n\t\t\t\t",
                            "Point": {
                                "coordinates": "-79.1204502,43.0876455,0.0"
                            }
                        },
                        {
                            "name": "Outlet Collection at Niagara",
                            "styleUrl": "#icon-503-DB4436-nodesc",
                            "ExtendedData": "\n\t\t\t\t",
                            "Point": {
                                "coordinates": "-79.17264,43.157685,0.0"
                            }
                        },
                        {
                            "name": "Fashion Outlets of Niagara Falls USA",
                            "styleUrl": "#icon-503-DB4436-nodesc",
                            "ExtendedData": "\n\t\t\t\t",
                            "Point": {
                                "coordinates": "-78.97912889999998,43.09777899999999,0.0"
                            }
                        }
                    ]
                },
                {
                    "name": "Golf, Wine Country & Nature",
                    "Placemark": [
                        {
                            "name": "Grand Niagara Golf Club",
                            "styleUrl": "#icon-503-DB4436-nodesc",
                            "ExtendedData": "\n\t\t\t\t",
                            "Point": {
                                "coordinates": "-79.13015730000001,43.0423482,0.0"
                            }
                        },
                        {
                            "name": "Thundering Waters Golf Club",
                            "styleUrl": "#icon-503-DB4436-nodesc",
                            "ExtendedData": "\n\t\t\t\t",
                            "Point": {
                                "coordinates": "-79.09231490000002,43.06622,0.0"
                            }
                        },
                        {
                            "name": "Niagara Falls Golf Club",
                            "styleUrl": "#icon-503-DB4436-nodesc",
                            "ExtendedData": "\n\t\t\t\t",
                            "Point": {
                                "coordinates": "-79.14930049999998,43.08326420000001,0.0"
                            }
                        },
                        {
                            "name": "Whirlpool Golf Course",
                            "styleUrl": "#icon-503-DB4436-nodesc",
                            "ExtendedData": "\n\t\t\t\t",
                            "Point": {
                                "coordinates": "-79.06987800000002,43.124911,0.0"
                            }
                        },
                        {
                            "name": "Beechwood Golf & Country Club",
                            "styleUrl": "#icon-503-DB4436-nodesc",
                            "ExtendedData": "\n\t\t\t\t",
                            "Point": {
                                "coordinates": "-79.16825690000002,43.1047693,0.0"
                            }
                        },
                        {
                            "name": "Royal Niagara Golf Club",
                            "styleUrl": "#icon-503-DB4436-nodesc",
                            "ExtendedData": "\n\t\t\t\t",
                            "Point": {
                                "coordinates": "-79.17025339999998,43.1493494,0.0"
                            }
                        },
                        {
                            "name": "Queenston Heights Park",
                            "styleUrl": "#icon-503-DB4436-nodesc",
                            "ExtendedData": "\n\t\t\t\t",
                            "Point": {
                                "coordinates": "-79.05541060000002,43.1593055,0.0"
                            }
                        },
                        {
                            "name": "Peller Estates Winery",
                            "styleUrl": "#icon-503-DB4436-nodesc",
                            "ExtendedData": "\n\t\t\t\t",
                            "Point": {
                                "coordinates": "-79.067024,43.23862,0.0"
                            }
                        },
                        {
                            "name": "Niagara on the Lake ",
                            "styleUrl": "#icon-503-DB4436-nodesc",
                            "ExtendedData": "\n\t\t\t\t",
                            "Point": {
                                "coordinates": "-79.0907478,43.2617062,0.0"
                            }
                        },
                        {
                            "name": "Short Hills Provincial Park",
                            "styleUrl": "#icon-503-DB4436-nodesc",
                            "ExtendedData": "\n\t\t\t\t",
                            "Point": {
                                "coordinates": "-79.28175899999997,43.0981591,0.0"
                            }
                        },
                        {
                            "name": "The Links of Niagara at Willodell",
                            "styleUrl": "#icon-503-DB4436-nodesc",
                            "ExtendedData": "\n\t\t\t\t",
                            "Point": {
                                "coordinates": "-79.11180760000002,43.02138170000001,0.0"
                            }
                        },
                        {
                            "name": "Trius Winery at Hillebrand",
                            "styleUrl": "#icon-503-DB4436-nodesc",
                            "ExtendedData": "\n\t\t\t\t",
                            "Point": {
                                "coordinates": "-79.1328638,43.2123668,0.0"
                            }
                        },
                        {
                            "name": "Ravine Vineyard Estate Winery",
                            "styleUrl": "#icon-503-DB4436-nodesc",
                            "ExtendedData": "\n\t\t\t\t",
                            "Point": {
                                "coordinates": "-79.10403289999999,43.1606707,0.0"
                            }
                        },
                        {
                            "name": "Reif Estate Winery",
                            "styleUrl": "#icon-503-DB4436-nodesc",
                            "ExtendedData": "\n\t\t\t\t",
                            "Point": {
                                "coordinates": "-79.06015389999999,43.2171663,0.0"
                            }
                        },
                        {
                            "name": "Palatine Hills Estate Winery",
                            "styleUrl": "#icon-503-DB4436-nodesc",
                            "ExtendedData": "\n\t\t\t\t",
                            "Point": {
                                "coordinates": "-79.15069299999999,43.2441872,0.0"
                            }
                        },
                        {
                            "name": "Konzelmann Estate Winery",
                            "styleUrl": "#icon-503-DB4436-nodesc",
                            "ExtendedData": "\n\t\t\t\t",
                            "Point": {
                                "coordinates": "-79.14142529999998,43.2502128,0.0"
                            }
                        },
                        {
                            "name": "Sunnybrook Farm Estate Winery",
                            "styleUrl": "#icon-503-DB4436-nodesc",
                            "ExtendedData": "\n\t\t\t\t",
                            "Point": {
                                "coordinates": "-79.12036269999999,43.2526039,0.0"
                            }
                        },
                        {
                            "name": "Creekside Estate Winery",
                            "styleUrl": "#icon-503-DB4436-nodesc",
                            "ExtendedData": "\n\t\t\t\t",
                            "Point": {
                                "coordinates": "-79.33295099999998,43.152749,0.0"
                            }
                        },
                        {
                            "name": "13th Street Winery",
                            "styleUrl": "#icon-503-DB4436-nodesc",
                            "ExtendedData": "\n\t\t\t\t",
                            "Point": {
                                "coordinates": "-79.31292819999999,43.15372029999999,0.0"
                            }
                        },
                        {
                            "name": "Outlet Collection at Niagara",
                            "styleUrl": "#icon-503-DB4436-nodesc",
                            "ExtendedData": "\n\t\t\t\t",
                            "Point": {
                                "coordinates": "-79.1723728,43.1578602,0.0"
                            }
                        },
                        {
                            "name": "Oxford Mills",
                            "styleUrl": "#icon-503-DB4436-nodesc",
                            "ExtendedData": "\n\t\t\t\t",
                            "Point": {
                                "coordinates": "-79.1141414,43.1035723,0.0"
                            }
                        },
                        {
                            "name": "Canada One Factory Outlets",
                            "styleUrl": "#icon-503-DB4436-nodesc",
                            "ExtendedData": "\n\t\t\t\t",
                            "Point": {
                                "coordinates": "-79.1204502,43.0876455,0.0"
                            }
                        },
                        {
                            "name": "Niagara Square",
                            "styleUrl": "#icon-503-DB4436-nodesc",
                            "ExtendedData": "\n\t\t\t\t",
                            "Point": {
                                "coordinates": "-79.12592310000002,43.0659416,0.0"
                            }
                        }
                    ]
                },
                {
                    "name": "Top Urban Amenities ",
                    "Placemark": [
                        {
                            "name": "Transit Stop ",
                            "styleUrl": "#icon-503-DB4436-nodesc",
                            "ExtendedData": "\n\t\t\t\t",
                            "Point": {
                                "coordinates": "-79.0905386,43.0853841,0.0"
                            }
                        },
                        {
                            "name": "VIA/GO Train Station",
                            "styleUrl": "#icon-503-DB4436-nodesc",
                            "ExtendedData": "\n\t\t\t\t",
                            "Point": {
                                "coordinates": "-79.06313,43.10874,0.0"
                            }
                        }
                    ]
                },
                {
                    "name": "Shopping & Dining ",
                    "Placemark": [
                        {
                            "name": "MGM Studios Plaza Niagara Falls",
                            "styleUrl": "#icon-503-DB4436-nodesc",
                            "ExtendedData": "\n\t\t\t\t",
                            "Point": {
                                "coordinates": "-79.07319669999998,43.09075290000001,0.0"
                            }
                        },
                        {
                            "name": "Napoli Ristorante Pizzeria",
                            "styleUrl": "#icon-503-DB4436-nodesc",
                            "ExtendedData": "\n\t\t\t\t",
                            "Point": {
                                "coordinates": "-79.08516880000002,43.0897151,0.0"
                            }
                        },
                        {
                            "name": "Jimmy Buffett's Margaritaville",
                            "styleUrl": "#icon-503-DB4436-nodesc",
                            "ExtendedData": "\n\t\t\t\t",
                            "Point": {
                                "coordinates": "-79.08257090000001,43.0837672,0.0"
                            }
                        },
                        {
                            "name": "Coco's Terrace Steakhouse",
                            "styleUrl": "#icon-503-DB4436-nodesc",
                            "ExtendedData": "\n\t\t\t\t",
                            "Point": {
                                "coordinates": "-79.08200219999998,43.08398770000001,0.0"
                            }
                        },
                        {
                            "name": "Outback Steakhouse Niagara Falls",
                            "styleUrl": "#icon-503-DB4436-nodesc",
                            "ExtendedData": "\n\t\t\t\t",
                            "Point": {
                                "coordinates": "-79.08293859999998,43.0783883,0.0"
                            }
                        },
                        {
                            "name": "My Cousin Vinny's",
                            "styleUrl": "#icon-503-DB4436-nodesc",
                            "ExtendedData": "\n\t\t\t\t",
                            "Point": {
                                "coordinates": "-79.08377669999999,43.0806845,0.0"
                            }
                        },
                        {
                            "name": "Country Chalet Restaurant",
                            "styleUrl": "#icon-503-DB4436-nodesc",
                            "ExtendedData": "\n\t\t\t\t",
                            "Point": {
                                "coordinates": "-79.08336629999997,43.0810442,0.0"
                            }
                        },
                        {
                            "name": "Applebee's",
                            "styleUrl": "#icon-503-DB4436-nodesc",
                            "ExtendedData": "\n\t\t\t\t",
                            "Point": {
                                "coordinates": "-79.08223550000002,43.08055389999999,0.0"
                            }
                        },
                        {
                            "name": "Zappi's",
                            "styleUrl": "#icon-503-DB4436-nodesc",
                            "ExtendedData": "\n\t\t\t\t",
                            "Point": {
                                "coordinates": "-79.08441570000004,43.0786956,0.0"
                            }
                        },
                        {
                            "name": "AlMac's Buffet",
                            "styleUrl": "#icon-503-DB4436-nodesc",
                            "ExtendedData": "\n\t\t\t\t",
                            "Point": {
                                "coordinates": "-79.08433509999998,43.0897831,0.0"
                            }
                        },
                        {
                            "name": "Sicilian Garden Restaurant",
                            "styleUrl": "#icon-503-DB4436-nodesc",
                            "ExtendedData": "\n\t\t\t\t",
                            "Point": {
                                "coordinates": "-79.08533999999997,43.08964599999999,0.0"
                            }
                        },
                        {
                            "name": "Terrapin Grille Fallsview Restaurant",
                            "styleUrl": "#icon-503-DB4436-nodesc",
                            "ExtendedData": "\n\t\t\t\t",
                            "Point": {
                                "coordinates": "-79.082067,43.07834819999999,0.0"
                            }
                        },
                        {
                            "name": "Marilyn's Bistro & Lounge",
                            "styleUrl": "#icon-503-DB4436-nodesc",
                            "ExtendedData": "\n\t\t\t\t",
                            "Point": {
                                "coordinates": "-79.08204180000001,43.07866,0.0"
                            }
                        },
                        {
                            "name": "The Keg Steakhouse + Bar - Fallsview/Embassy Suites",
                            "styleUrl": "#icon-503-DB4436-nodesc",
                            "ExtendedData": "\n\t\t\t\t",
                            "Point": {
                                "coordinates": "-79.08218740000001,43.07962700000001,0.0"
                            }
                        },
                        {
                            "name": "T.G.I Friday's Niagara Falls",
                            "styleUrl": "#icon-503-DB4436-nodesc",
                            "ExtendedData": "\n\t\t\t\t",
                            "Point": {
                                "coordinates": "-79.08261199999998,43.079764,0.0"
                            }
                        }
                    ]
                },
                {
                    "name": "Schools & Services ",
                    "Placemark": [
                        {
                            "name": "Our Lady of Mount Carmel Catholic Elementary School",
                            "styleUrl": "#icon-503-DB4436-nodesc",
                            "ExtendedData": "\n\t\t\t\t",
                            "Point": {
                                "coordinates": "-79.107553,43.080516,0.0"
                            }
                        },
                        {
                            "name": "Stamford Collegiate",
                            "styleUrl": "#icon-503-DB4436-nodesc",
                            "ExtendedData": "\n\t\t\t\t",
                            "Point": {
                                "coordinates": "-79.09871799999996,43.091527,0.0"
                            }
                        },
                        {
                            "name": "Heximer Avenue Public School",
                            "styleUrl": "#icon-503-DB4436-nodesc",
                            "ExtendedData": "\n\t\t\t\t",
                            "Point": {
                                "coordinates": "-79.10052000000002,43.077558,0.0"
                            }
                        },
                        {
                            "name": "Pathways Academy and Early Learning Centre",
                            "styleUrl": "#icon-503-DB4436-nodesc",
                            "ExtendedData": "\n\t\t\t\t",
                            "Point": {
                                "coordinates": "-79.11087900000001,43.087922,0.0"
                            }
                        },
                        {
                            "name": "Stamford Collegiate",
                            "styleUrl": "#icon-503-DB4436-nodesc",
                            "ExtendedData": "\n\t\t\t\t",
                            "Point": {
                                "coordinates": "-79.09871799999996,43.091527,0.0"
                            }
                        },
                        {
                            "name": "Valley Way Public School",
                            "styleUrl": "#icon-503-DB4436-nodesc",
                            "ExtendedData": "\n\t\t\t\t",
                            "Point": {
                                "coordinates": "-79.08234600000003,43.101825,0.0"
                            }
                        },
                        {
                            "name": "Saint Paul Catholic High School",
                            "styleUrl": "#icon-503-DB4436-nodesc",
                            "ExtendedData": "\n\t\t\t\t",
                            "Point": {
                                "coordinates": "-79.10997600000002,43.11737,0.0"
                            }
                        },
                        {
                            "name": "Saint Michael Catholic High School",
                            "styleUrl": "#icon-503-DB4436-nodesc",
                            "ExtendedData": "\n\t\t\t\t",
                            "Point": {
                                "coordinates": "-79.13793240000001,43.06991110000001,0.0"
                            }
                        },
                        {
                            "name": "Forestview Public School",
                            "styleUrl": "#icon-503-DB4436-nodesc",
                            "ExtendedData": "\n\t\t\t\t",
                            "Point": {
                                "coordinates": "-79.13707260000001,43.0830079,0.0"
                            }
                        },
                        {
                            "name": "Westlane Secondary School",
                            "styleUrl": "#icon-503-DB4436-nodesc",
                            "ExtendedData": "\n\t\t\t\t",
                            "Point": {
                                "coordinates": "-79.13082500000002,43.087461,0.0"
                            }
                        },
                        {
                            "name": "Meridian Credit Union",
                            "styleUrl": "#icon-503-DB4436-nodesc",
                            "ExtendedData": "\n\t\t\t\t",
                            "Point": {
                                "coordinates": "-79.09644100000003,43.07930299999999,0.0"
                            }
                        },
                        {
                            "name": "Transit Stop",
                            "styleUrl": "#icon-503-DB4436-nodesc",
                            "ExtendedData": "\n\t\t\t\t",
                            "Point": {
                                "coordinates": "-79.0905386,43.0853841,0.0"
                            }
                        },
                        {
                            "name": "Brock University",
                            "styleUrl": "#icon-503-DB4436-nodesc",
                            "ExtendedData": "\n\t\t\t\t",
                            "Point": {
                                "coordinates": "-79.24769249999997,43.1175731,0.0"
                            }
                        },
                        {
                            "name": "VIA/GO Train Station",
                            "styleUrl": "#icon-503-DB4436-nodesc",
                            "ExtendedData": "\n\t\t\t\t",
                            "Point": {
                                "coordinates": "-79.06313,43.10874,0.0"
                            }
                        },
                        {
                            "name": "TD Canada Trust",
                            "styleUrl": "#icon-503-DB4436-nodesc",
                            "ExtendedData": "\n\t\t\t\t",
                            "Point": {
                                "coordinates": "-79.06680030000001,43.1067449,0.0"
                            }
                        },
                        {
                            "name": "CIBC ",
                            "styleUrl": "#icon-503-DB4436-nodesc",
                            "ExtendedData": "\n\t\t\t\t",
                            "Point": {
                                "coordinates": "-79.0970476,43.0715659,0.0"
                            }
                        },
                        {
                            "name": "Bank of Nova Scotia",
                            "styleUrl": "#icon-503-DB4436-nodesc",
                            "ExtendedData": "\n\t\t\t\t",
                            "Point": {
                                "coordinates": "-79.07298459999998,43.1048009,0.0"
                            }
                        },
                        {
                            "name": "PenFinancial Credit Union",
                            "styleUrl": "#icon-503-DB4436-nodesc",
                            "ExtendedData": "\n\t\t\t\t",
                            "Point": {
                                "coordinates": "-79.10101680000002,43.1209987,0.0"
                            }
                        },
                        {
                            "name": "Meridian Credit Union",
                            "styleUrl": "#icon-503-DB4436-nodesc",
                            "ExtendedData": "\n\t\t\t\t",
                            "Point": {
                                "coordinates": "-79.092896,43.1046304,0.0"
                            }
                        },
                        {
                            "name": "Bank of Montreal",
                            "styleUrl": "#icon-503-DB4436-nodesc",
                            "ExtendedData": "\n\t\t\t\t",
                            "Point": {
                                "coordinates": "-79.10919030000002,43.1038546,0.0"
                            }
                        },
                        {
                            "name": "RBC Royal Bank",
                            "styleUrl": "#icon-503-DB4436-nodesc",
                            "ExtendedData": "\n\t\t\t\t",
                            "Point": {
                                "coordinates": "-79.10355800000002,43.08934999999999,0.0"
                            }
                        }
                    ]
                },
                {
                    "name": "Parks & Recreation",
                    "Placemark": [
                        {
                            "name": "Short Hills Provincial Park",
                            "styleUrl": "#icon-503-DB4436-nodesc",
                            "ExtendedData": "\n\t\t\t\t",
                            "Point": {
                                "coordinates": "-79.28175899999997,43.0981591,0.0"
                            }
                        },
                        {
                            "name": "Rockway Conservation Area",
                            "styleUrl": "#icon-503-DB4436-nodesc",
                            "ExtendedData": "\n\t\t\t\t",
                            "Point": {
                                "coordinates": "-79.30852829999998,43.125863,0.0"
                            }
                        },
                        {
                            "name": "Charnwood Park",
                            "styleUrl": "#icon-503-DB4436-nodesc",
                            "ExtendedData": "\n\t\t\t\t",
                            "Point": {
                                "coordinates": "-79.12733450000002,43.0756733,0.0"
                            }
                        },
                        {
                            "name": "Kalar Sports Park",
                            "styleUrl": "#icon-503-DB4436-nodesc",
                            "ExtendedData": "\n\t\t\t\t",
                            "Point": {
                                "coordinates": "-79.13897810000003,43.0764886,0.0"
                            }
                        },
                        {
                            "name": "Prince Charles Park",
                            "styleUrl": "#icon-503-DB4436-nodesc",
                            "ExtendedData": "\n\t\t\t\t",
                            "Point": {
                                "coordinates": "-79.10016080000004,43.0727663,0.0"
                            }
                        },
                        {
                            "name": "AG Bridge Park",
                            "styleUrl": "#icon-503-DB4436-nodesc",
                            "ExtendedData": "\n\t\t\t\t",
                            "Point": {
                                "coordinates": "-79.10651380000002,43.0841703,0.0"
                            }
                        },
                        {
                            "name": "Goat Island (US) ",
                            "styleUrl": "#icon-503-DB4436-nodesc",
                            "ExtendedData": "\n\t\t\t\t",
                            "Point": {
                                "coordinates": "-79.0681744,43.080659,0.0"
                            }
                        },
                        {
                            "name": "Thundering Waters Golf Club",
                            "styleUrl": "#icon-503-DB4436-nodesc",
                            "ExtendedData": "\n\t\t\t\t",
                            "Point": {
                                "coordinates": "-79.09231490000002,43.06622,0.0"
                            }
                        },
                        {
                            "name": "Oak Hall Par 3 Golf Course",
                            "styleUrl": "#icon-503-DB4436-nodesc",
                            "ExtendedData": "\n\t\t\t\t",
                            "Point": {
                                "coordinates": "-79.075467,43.069411,0.0"
                            }
                        },
                        {
                            "name": "Dufferin Islands",
                            "styleUrl": "#icon-503-DB4436-nodesc",
                            "ExtendedData": "\n\t\t\t\t",
                            "Point": {
                                "coordinates": "-79.0709209,43.068637,0.0"
                            }
                        },
                        {
                            "name": "Weaver Park",
                            "styleUrl": "#icon-503-DB4436-nodesc",
                            "ExtendedData": "\n\t\t\t\t",
                            "Point": {
                                "coordinates": "-79.105854,43.0791544,0.0"
                            }
                        },
                        {
                            "name": "Queen Victoria Park",
                            "styleUrl": "#icon-503-DB4436-nodesc",
                            "ExtendedData": "\n\t\t\t\t",
                            "Point": {
                                "coordinates": "-79.0773582,43.0860893,0.0"
                            }
                        },
                        {
                            "name": "Firemen's Park",
                            "styleUrl": "#icon-503-DB4436-nodesc",
                            "ExtendedData": "\n\t\t\t\t",
                            "Point": {
                                "coordinates": "-79.1159391,43.1414226,0.0"
                            }
                        },
                        {
                            "name": "Mewburn Road Recreation Area",
                            "styleUrl": "#icon-503-DB4436-nodesc",
                            "ExtendedData": "\n\t\t\t\t",
                            "Point": {
                                "coordinates": "-79.130187,43.139575,0.0"
                            }
                        },
                        {
                            "name": "Walker Park",
                            "styleUrl": "#icon-503-DB4436-nodesc",
                            "ExtendedData": "\n\t\t\t\t",
                            "Point": {
                                "coordinates": "-79.1074419,43.1434579,0.0"
                            }
                        },
                        {
                            "name": "Queenston Heights Park ",
                            "styleUrl": "#icon-503-DB4436-nodesc",
                            "ExtendedData": "\n\t\t\t\t",
                            "Point": {
                                "coordinates": "-79.0589905,43.15704620000001,0.0"
                            }
                        },
                        {
                            "name": "Oaklands Golf Course",
                            "styleUrl": "#icon-503-DB4436-nodesc",
                            "ExtendedData": "\n\t\t\t\t",
                            "Point": {
                                "coordinates": "-79.07510000000002,43.0448,0.0"
                            }
                        }
                    ]
                },
                {
                    "name": "Entertainment ",
                    "Placemark": [
                        {
                            "name": "Journey Behind the Falls",
                            "styleUrl": "#icon-503-DB4436-nodesc",
                            "ExtendedData": "\n\t\t\t\t",
                            "Point": {
                                "coordinates": "-79.07881220000002,43.0792017,0.0"
                            }
                        },
                        {
                            "name": "Fallsview Casino Resort",
                            "styleUrl": "#icon-503-DB4436-nodesc",
                            "ExtendedData": "\n\t\t\t\t",
                            "Point": {
                                "coordinates": "-79.08101909999999,43.0823258,0.0"
                            }
                        },
                        {
                            "name": "Niagara Falls IMAX Theatre",
                            "styleUrl": "#icon-503-DB4436-nodesc",
                            "ExtendedData": "\n\t\t\t\t",
                            "Point": {
                                "coordinates": "-79.08212579999997,43.0852115,0.0"
                            }
                        },
                        {
                            "name": "Skylon Tower",
                            "styleUrl": "#icon-503-DB4436-nodesc",
                            "ExtendedData": "\n\t\t\t\t",
                            "Point": {
                                "coordinates": "-79.07956200000001,43.0850931,0.0"
                            }
                        },
                        {
                            "name": "Niagara Falls Tourism",
                            "styleUrl": "#icon-503-DB4436-nodesc",
                            "ExtendedData": "\n\t\t\t\t",
                            "Point": {
                                "coordinates": "-79.08232809999998,43.08601659999999,0.0"
                            }
                        },
                        {
                            "name": "Ripley's Believe It Or Not",
                            "styleUrl": "#icon-503-DB4436-nodesc",
                            "ExtendedData": "\n\t\t\t\t",
                            "Point": {
                                "coordinates": "-79.07586579999997,43.0915134,0.0"
                            }
                        },
                        {
                            "name": "Movieland Wax Museum Niagara Falls",
                            "styleUrl": "#icon-503-DB4436-nodesc",
                            "ExtendedData": "\n\t\t\t\t",
                            "Point": {
                                "coordinates": "-79.0739921,43.09083959999999,0.0"
                            }
                        },
                        {
                            "name": "Clifton Hill ",
                            "styleUrl": "#icon-503-DB4436-nodesc",
                            "ExtendedData": "\n\t\t\t\t",
                            "Point": {
                                "coordinates": "-79.0754914,43.0916679,0.0"
                            }
                        },
                        {
                            "name": "Fallsview Indoor Waterpark",
                            "styleUrl": "#icon-503-DB4436-nodesc",
                            "ExtendedData": "\n\t\t\t\t",
                            "Point": {
                                "coordinates": "-79.0718596,43.0924294,0.0"
                            }
                        },
                        {
                            "name": "Casino Niagara",
                            "styleUrl": "#icon-503-DB4436-nodesc",
                            "ExtendedData": "\n\t\t\t\t",
                            "Point": {
                                "coordinates": "-79.07211110000003,43.09153000000001,0.0"
                            }
                        },
                        {
                            "name": "Scotiabank Convention Centre",
                            "styleUrl": "#icon-503-DB4436-nodesc",
                            "ExtendedData": "\n\t\t\t\t",
                            "Point": {
                                "coordinates": "-79.08465160000003,43.07610319999999,0.0"
                            }
                        },
                        {
                            "name": "Great Wolf Lodge",
                            "styleUrl": "#icon-503-DB4436-nodesc",
                            "ExtendedData": "\n\t\t\t\t",
                            "Point": {
                                "coordinates": "-79.0709397,43.1163663,0.0"
                            }
                        }
                    ]
                }
            ],
            "Style": [
                {
                    "IconStyle": {
                        "color": "ff3644DB",
                        "scale": "1.1",
                        "Icon": {
                            "href": "http://www.gstatic.com/mapspro/images/stock/503-wht-blank_maps.png"
                        },
                        "hotSpot": {
                            "_x": "16",
                            "_y": "31",
                            "_xunits": "pixels",
                            "_yunits": "insetPixels"
                        }
                    },
                    "LabelStyle": {
                        "scale": "0.0"
                    },
                    "BalloonStyle": {
                        "text": {
                            "__cdata": "<h3>$[name]</h3>"
                        }
                    },
                    "_id": "icon-503-DB4436-nodesc-normal"
                },
                {
                    "IconStyle": {
                        "color": "ff3644DB",
                        "scale": "1.1",
                        "Icon": {
                            "href": "http://www.gstatic.com/mapspro/images/stock/503-wht-blank_maps.png"
                        },
                        "hotSpot": {
                            "_x": "16",
                            "_y": "31",
                            "_xunits": "pixels",
                            "_yunits": "insetPixels"
                        }
                    },
                    "LabelStyle": {
                        "scale": "1.1"
                    },
                    "BalloonStyle": {
                        "text": {
                            "__cdata": "<h3>$[name]</h3>"
                        }
                    },
                    "_id": "icon-503-DB4436-nodesc-highlight"
                }
            ],
            "StyleMap": {
                "Pair": [
                    {
                        "key": "normal",
                        "styleUrl": "#icon-503-DB4436-nodesc-normal"
                    },
                    {
                        "key": "highlight",
                        "styleUrl": "#icon-503-DB4436-nodesc-highlight"
                    }
                ],
                "_id": "icon-503-DB4436-nodesc"
            }
        },
        "_xmlns": "http://www.opengis.net/kml/2.2"
    }
}